{
    "faces":[35,0,1,2,3,0,0,0,0,0,35,4,7,6,5,0,1,1,1,1,35,0,4,5,1,0,2,2,2,2,35,1,5,6,2,0,3,3,3,3,35,2,6,7,3,0,4,4,4,4,35,4,0,3,7,0,5,5,5,5],
    "metadata":{
        "materials":1,
        "uvs":0,
        "normals":6,
        "faces":6,
        "version":3,
        "vertices":8,
        "type":"Geometry",
        "generator":"io_three"
    },
    "uvs":[],
    "vertices":[12.1038,-12.1038,-12.1038,12.1038,-12.1038,12.1038,-12.1038,-12.1038,12.1038,-12.1038,-12.1038,-12.1038,12.1038,12.1038,-12.1037,12.1037,12.1038,12.1038,-12.1038,12.1038,12.1037,-12.1038,12.1038,-12.1038],
    "name":"CubeGeometry.2",
    "normals":[-0,0,1,0,-0,-1,1,0,-0,-0,1,0,-1,-0,0,0,-1,-0],
    "materials":[{
        "visible":true,
        "opacity":1,
        "colorEmissive":[0,0,0],
        "DbgName":"Material.001",
        "DbgColor":15658734,
        "depthWrite":true,
        "blending":"NormalBlending",
        "depthTest":true,
        "colorDiffuse":[0.001002,0.053837,0.64],
        "colorSpecular":[0.5,0.5,0.5],
        "transparent":false,
        "wireframe":false,
        "shading":"phong",
        "specularCoef":50,
        "DbgIndex":0
    }]
}